{
  "team": "Island",
  "targets": {
    "carbon": 7396873.8437,
    "energy": 155969076.592,
    "water": 271387397.260274,
    "ozone": 0.0
  },
  "metric_summary": {
    "carbon": {
      "target": 7396873.8437,
      "project": 1960143.6571042622,
      "percent_of_target": 0.2649962265847941
    },
    "energy": {
      "target": 155969076.592,
      "project": 24632821.203065652,
      "percent_of_target": 0.15793400679996797
    },
    "water": {
      "target": 271387397.260274,
      "project": 22303578.611689903,
      "percent_of_target": 0.08218354587151172
    },
    "ozone": {
      "target": 0.0,
      "project": 0.05394469152699647,
      "percent_of_target": null
    }
  },
  "breakdown": {
    "embodied_materials": {
      "carbon": 922919.6809736951,
      "energy": 9954755.170636538,
      "water": 8320471.568340875,
      "ozone": 0.04589543643721131
    },
    "embodied_transport": {
      "carbon": 50559.317379246786,
      "energy": 778814.1296300099,
      "water": 180373.6457255556,
      "ozone": 0.008011193313269504
    },
    "embodied_construction": {
      "carbon": 986664.6587513202,
      "energy": 13899251.902799103,
      "water": 13802733.397623472,
      "ozone": 3.806177651565425e-05
    },
    "use_electricity": {
      "carbon": 0.0,
      "energy": 0.0,
      "water": 0.0,
      "ozone": 0.0
    },
    "use_heating": {
      "carbon": 0.0,
      "energy": 0.0,
      "water": 0.0,
      "ozone": 0.0
    },
    "use_water": {
      "carbon": 0.0,
      "energy": 0.0,
      "water": 0.0,
      "ozone": 0.0
    },
    "embodied": {
      "carbon": 1960143.6571042622,
      "energy": 24632821.203065652,
      "water": 22303578.611689903,
      "ozone": 0.05394469152699647
    },
    "use_phase": {
      "carbon": 0.0,
      "energy": 0.0,
      "water": 0.0,
      "ozone": 0.0
    },
    "life_cycle": {
      "carbon": 1960143.6571042622,
      "energy": 24632821.203065652,
      "water": 22303578.611689903,
      "ozone": 0.05394469152699647
    }
  },
  "construction_items": [
    {
      "assembly": "Beams",
      "material_type": "Glulam Beam (kg)",
      "amount": 82226.39989999993,
      "unit_multiplier": 1.0,
      "embodied_total": {
        "carbon": 72378.88402157604,
        "energy": 846766.0222746171,
        "water": 665417.8573826926,
        "ozone": 0.00029322746930076585
      },
      "materials": {
        "carbon": 26850.126396946078,
        "energy": 202714.14152226815,
        "water": 6101.198872579995,
        "ozone": 0.0
      },
      "transport": {
        "carbon": 1833.6487177699985,
        "energy": 28229.770270308218,
        "water": 6545.221432039995,
        "ozone": 0.00029108145564599977
      },
      "construction": {
        "carbon": 43695.10890685996,
        "energy": 615822.1104820407,
        "water": 652771.4370780726,
        "ozone": 0.0
      }
    },
    {
      "assembly": "Beams",
      "material_type": "Reinforced Concrete Beam (cy)",
      "amount": 54.44777777777778,
      "unit_multiplier": 1.0,
      "embodied_total": {
        "carbon": 43432.039638786446,
        "energy": 508265.62267278775,
        "water": 603042.6727307445,
        "ozone": 0.0009720561766666668
      },
      "materials": {
        "carbon": 22997.743991608666,
        "energy": 188368.9586951211,
        "water": 274352.7051105078,
        "ozone": 0.000841577522
      },
      "transport": {
        "carbon": 815.6233552888889,
        "energy": 12559.648577666669,
        "water": 2912.731241788889,
        "ozone": 0.00012958571111111112
      },
      "construction": {
        "carbon": 19618.672291888888,
        "energy": 307337.01540000003,
        "water": 325777.236324,
        "ozone": 8.929435555555557e-07
      }
    },
    {
      "assembly": "Beams",
      "material_type": "Wood Beam (kg)",
      "amount": 54.44160000000001,
      "unit_multiplier": 1.0,
      "embodied_total": {
        "carbon": 60.47917344000001,
        "energy": 801.7296188183042,
        "water": 542.8213353063361,
        "ozone": 1.9457275403520003e-07
      },
      "materials": {
        "carbon": 30.334859520000006,
        "energy": 375.30678000000006,
        "water": 106.29177984000002,
        "ozone": 0.0
      },
      "transport": {
        "carbon": 1.2140476800000002,
        "energy": 18.690759452160002,
        "water": 4.333551360000001,
        "ozone": 1.9272326400000003e-07
      },
      "construction": {
        "carbon": 28.93026624,
        "energy": 407.73207936614403,
        "water": 432.1960041063361,
        "ozone": 0.0
      }
    },
    {
      "assembly": "Columns",
      "material_type": "Glulam Column (kg)",
      "amount": 34214.67559999997,
      "unit_multiplier": 1.0,
      "embodied_total": {
        "carbon": 25450.210083628383,
        "energy": 286619.02677470195,
        "water": 207216.0724674522,
        "ozone": 0.000121818849328133
      },
      "materials": {
        "carbon": 11172.425955748393,
        "energy": 84350.02140616513,
        "water": 2538.728929519998,
        "ozone": 0.0
      },
      "transport": {
        "carbon": 762.9872658799994,
        "energy": 11746.500311770551,
        "water": 2723.488177759998,
        "ozone": 0.00012111995162399991
      },
      "construction": {
        "carbon": 13514.79686199999,
        "energy": 190522.50505676627,
        "water": 201953.85536017222,
        "ozone": 0.0
      }
    },
    {
      "assembly": "Columns",
      "material_type": "Reinforced Concrete Column (cy)",
      "amount": 9.5,
      "unit_multiplier": 1.0,
      "embodied_total": {
        "carbon": 6092.29193695,
        "energy": 62808.250068,
        "water": 73269.0636425,
        "ozone": 0.00023471517
      },
      "materials": {
        "carbon": 5496.61790195,
        "energy": 53520.752718,
        "water": 65530.6291675,
        "ozone": 0.0002084756
      },
      "transport": {
        "carbon": 165.180395,
        "energy": 2543.5851,
        "water": 589.8874900000001,
        "ozone": 2.622e-05
      },
      "construction": {
        "carbon": 430.49364,
        "energy": 6743.912249999999,
        "water": 7148.546985,
        "ozone": 1.957e-08
      }
    },
    {
      "assembly": "Floor",
      "material_type": "Wood System (sf)",
      "amount": 28505.0,
      "unit_multiplier": 1.0,
      "embodied_total": {
        "carbon": 226258.03843,
        "energy": 3107204.5966445,
        "water": 2407762.3205274,
        "ozone": 0.0006403562735
      },
      "materials": {
        "carbon": 102332.95,
        "energy": 1360529.9676,
        "water": 607156.5,
        "ozone": 0.0
      },
      "transport": {
        "carbon": 3990.7000000000003,
        "energy": 61462.53801,
        "water": 14281.005,
        "ozone": 0.000632811
      },
      "construction": {
        "carbon": 119934.38843,
        "energy": 1685212.09017935,
        "water": 1786324.8155274,
        "ozone": 4.90286e-06
      }
    },
    {
      "assembly": "Foundation",
      "material_type": "Concrete Slab (cy)",
      "amount": 63.907407407407405,
      "unit_multiplier": 1.0,
      "embodied_total": {
        "carbon": 21746.960279074072,
        "energy": 149614.80111485184,
        "water": 253820.36382616666,
        "ozone": 0.0008545785004412963
      },
      "materials": {
        "carbon": 20538.754314814814,
        "energy": 130959.85893264815,
        "water": 244973.32507407406,
        "ozone": 0.0007183194081635185
      },
      "transport": {
        "carbon": 859.2715198148148,
        "energy": 13196.564527766666,
        "water": 3061.158424074074,
        "ozone": 0.00013624324324074073
      },
      "construction": {
        "carbon": 348.9344444444444,
        "energy": 5458.37768,
        "water": 5785.8803408,
        "ozone": 1.584903703703704e-08
      }
    },
    {
      "assembly": "Foundation",
      "material_type": "Strip Foundation (cy)",
      "amount": 12.444444444444443,