{
  "team": "Island",
  "targets": {
    "carbon": 7396873.8437,
    "energy": 155969076.592,
    "water": 271387397.260274,
    "ozone": 0.0
  },
  "metric_summary": {
    "carbon": {
      "target": 7396873.8437,
      "project": 1502595.13442305,
      "percent_of_target": 0.20313921342633512
    },
    "energy": {
      "target": 155969076.592,
      "project": 18933447.026243974,
      "percent_of_target": 0.12139231339922615
    },
    "water": {
      "target": 271387397.260274,
      "project": 17624623.92417771,
      "percent_of_target": 0.06494267641792821
    },
    "ozone": {
      "target": 0.0,
      "project": 0.04656519119410088,
      "percent_of_target": null
    }
  },
  "breakdown": {
    "embodied_materials": {
      "carbon": 671900.1356194316,
      "energy": 7204788.947262574,
      "water": 6654599.803862248,
      "ozone": 0.03993214829325223
    },
    "embodied_transport": {
      "carbon": 41669.62164929339,
      "energy": 641972.9500443841,
      "water": 148611.50289018228,
      "ozone": 0.006600815433147812
    },
    "embodied_construction": {
      "carbon": 789025.377154325,
      "energy": 11086685.128937015,
      "water": 10821412.61742528,
      "ozone": 3.222746770083943e-05
    },
    "use_electricity": {
      "carbon": 0.0,
      "energy": 0.0,
      "water": 0.0,
      "ozone": 0.0
    },
    "use_heating": {
      "carbon": 0.0,
      "energy": 0.0,
      "water": 0.0,
      "ozone": 0.0
    },
    "use_water": {
      "carbon": 0.0,
      "energy": 0.0,
      "water": 0.0,
      "ozone": 0.0
    },
    "embodied": {
      "carbon": 1502595.13442305,
      "energy": 18933447.026243974,
      "water": 17624623.92417771,
      "ozone": 0.04656519119410088
    },
    "use_phase": {
      "carbon": 0.0,
      "energy": 0.0,
      "water": 0.0,
      "ozone": 0.0
    },
    "life_cycle": {
      "carbon": 1502595.13442305,
      "energy": 18933447.026243974,
      "water": 17624623.92417771,
      "ozone": 0.04656519119410088
    }
  },
  "construction_items": [
    {
      "assembly": "Exterior Wall",
      "material_type": "Curtain Wall Double Pane (sf)",
      "amount": 16983.0,
      "unit_multiplier": 1.0,
      "embodied_total": {
        "carbon": 324113.60861334,
        "energy": 4284885.7050201,
        "water": 3906859.1668632,
        "ozone": 0.011272500215999999
      },
      "materials": {
        "carbon": 128058.44303034,
        "energy": 1527605.4579674401,
        "water": 1007675.98578954,
        "ozone": 0.010972461554999998
      },
      "transport": {
        "carbon": 1845.559593,
        "energy": 28419.539013,
        "water": 6590.830572,
        "ozone": 0.0002921076
      },
      "construction": {
        "carbon": 194209.60599,
        "energy": 2728860.7077,
        "water": 2892592.350162,
        "ozone": 7.931061000000001e-06
      }
    },
    {
      "assembly": "Exterior Wall",
      "material_type": "EIFS on Metal Stud (sf)",
      "amount": 1493.0,
      "unit_multiplier": 1.0,
      "embodied_total": {
        "carbon": 37405.01769332,
        "energy": 544936.4500369,
        "water": 409458.2906438,
        "ozone": 0.0017997607380000002
      },
      "materials": {
        "carbon": 19250.12987,
        "energy": 288382.35589999997,
        "water": 151303.606,
        "ozone": 0.00162737
      },
      "transport": {
        "carbon": 1081.641525855,
        "energy": 16656.01745183,
        "water": 3862.7233007424998,
        "ozone": 0.000171693507
      },
      "construction": {
        "carbon": 17073.24629,
        "energy": 239898.0767,
        "water": 254291.96130199998,
        "ozone": 6.972310000000001e-07
      }
    },
    {
      "assembly": "Floor",
      "material_type": "Concrete (sf)",
      "amount": 35657.0,
      "unit_multiplier": 1.0,
      "embodied_total": {
        "carbon": 423608.226502,
        "energy": 3776144.9040679997,
        "water": 5356914.0446615,
        "ozone": 0.01074465324491
      },
      "materials": {
        "carbon": 261651.066,
        "energy": 1484079.2410716,
        "water": 3079980.346,
        "ozone": 0.00884655982091
      },
      "transport": {
        "carbon": 11930.8322,
        "energy": 184028.21451252,
        "water": 42414.0015,
        "ozone": 0.00189196042
      },
      "construction": {
        "carbon": 150026.328302,
        "energy": 2108037.44955359,
        "water": 2234519.69644836,
        "ozone": 6.133004e-06
      }
    },
    {
      "assembly": "Floor",
      "material_type": "Wood System (sf)",
      "amount": 6929.0,
      "unit_multiplier": 1.0,
      "embodied_total": {
        "carbon": 54998.840494,
        "energy": 755299.7947781,
        "water": 585279.2534269199,
        "ozone": 0.0001556579063
      },
      "materials": {
        "carbon": 24875.11,
        "energy": 330717.84408,
        "water": 147587.7,
        "ozone": 0.0
      },
      "transport": {
        "carbon": 970.0600000000001,
        "energy": 14940.323658,
        "water": 3471.429,
        "ozone": 0.0001538238
      },
      "construction": {
        "carbon": 29153.670494,
        "energy": 409641.62683223,
        "water": 434220.12442692,
        "ozone": 1.191788e-06
      }
    },
    {
      "assembly": "Interior Wall",
      "material_type": "Steel Studs and Painted Gypsum (sf)",
      "amount": 29390.0,
      "unit_multiplier": 1.0,
      "embodied_total": {
        "carbon": 581431.83358,
        "energy": 8375844.7701550005,
        "water": 7253741.415086,
        "ozone": 0.02032221513
      },
      "materials": {
        "carbon": 221019.20702,
        "energy": 3278866.744713,
        "water": 2161105.48,
        "ozone": 0.0164584
      },
      "transport": {
        "carbon": 24322.39986,
        "energy": 374536.0568936,
        "water": 86847.45,
        "ozone": 0.00385009
      },
      "construction": {
        "carbon": 336090.2267,
        "energy": 4722441.966785,
        "water": 5005788.485086,
        "ozone": 1.372513e-05
      }
    },
    {
      "assembly": "Interior Wall",
      "material_type": "Timber Studs and Painted Gypsum (sf)",
      "amount": 5463.0,
      "unit_multiplier": 1.0,
      "embodied_total": {
        "carbon": 80398.68282675001,
        "energy": 1166787.1340991,
        "water": 112283.90718426,
        "ozone": 0.0022671398871783
      },
      "materials": {
        "carbon": 16431.85418669169,
        "energy": 265967.825930534,
        "water": 106946.68607270761,
        "ozone": 0.0020273569173422223
      },
      "transport": {
        "carbon": 1494.5292484383913,
        "energy": 23014.00669143416,
        "water": 5337.221089439778,
        "ozone": 0.00023723371614781176
      },
      "construction": {
        "carbon": 62472.29937832493,
        "energy": 877805.3013661968,
        "water": 0.0,
        "ozone": 2.5492537008394254e-06
      }
    },
    {
      "assembly": "Roof",
      "material_type": "EPDM Membrane (sf)",
      "amount": 4414.0,
      "unit_multiplier": 1.0,
      "embodied_total": {
        "carbon": 638.9247344,
        "energy": 29548.269424,
        "water": 87.847428,
        "ozone": 3.9109450273e-06
      },
      "materials": {
        "carbon": 614.3255124000001,
        "energy": 29169.4776,
        "water": 0.0,
        "ozone": 0.0
      },
      "transport": {
        "carbon": 24.599221999999997,
        "energy": 378.791824,
        "water": 87.847428,
        "ozone": 3.9063900000000006e-06
      },
      "construction": {
        "carbon": 0.0,
        "energy": 0.0,
        "water": 0.0,
        "ozone": 0.0
      }
    }
  ],
  "lifetime_years": 50
}