{
  "team": "Island",
  "targets": {
    "carbon": 7396873.8437,
    "energy": 155969076.592,
    "water": 271387397.260274,
    "ozone": 0.0
  },
  "metric_summary": {
    "carbon": {
      "target": 7396873.8437,
      "project": 1524996.7867148519,
      "percent_of_target": 0.20616774314918304
    },
    "energy": {
      "target": 155969076.592,
      "project": 19706189.466868155,
      "percent_of_target": 0.12634677269018932
    },
    "water": {
      "target": 271387397.260274,
      "project": 17918074.26372085,
      "percent_of_target": 0.06602397327439832
    },
    "ozone": {
      "target": 0.0,
      "project": 0.047722877066172564,
      "percent_of_target": null
    }
  },
  "breakdown": {
    "embodied_materials": {
      "carbon": 670255.7197971685,
      "energy": 7634246.6861972185,
      "water": 6532045.311161587,
      "ozone": 0.040446969915885846
    },
    "embodied_transport": {
      "carbon": 45723.66527857986,
      "energy": 704347.4016535452,
      "water": 163124.8666120241,
      "ozone": 0.0072428635002768586
    },
    "embodied_construction": {
      "carbon": 809017.4016391037,
      "energy": 11367595.37901739,
      "water": 11222904.085947242,
      "ozone": 3.304365000986171e-05
    },
    "use_electricity": {
      "carbon": 0.0,
      "energy": 0.0,
      "water": 0.0,
      "ozone": 0.0
    },
    "use_heating": {
      "carbon": 0.0,
      "energy": 0.0,
      "water": 0.0,
      "ozone": 0.0
    },
    "use_water": {
      "carbon": 0.0,
      "energy": 0.0,
      "water": 0.0,
      "ozone": 0.0
    },
    "embodied": {
      "carbon": 1524996.7867148519,
      "energy": 19706189.466868155,
      "water": 17918074.26372085,
      "ozone": 0.047722877066172564
    },
    "use_phase": {
      "carbon": 0.0,
      "energy": 0.0,
      "water": 0.0,
      "ozone": 0.0
    },
    "life_cycle": {
      "carbon": 1524996.7867148519,
      "energy": 19706189.466868155,
      "water": 17918074.26372085,
      "ozone": 0.047722877066172564
    }
  },
  "construction_items": [
    {
      "assembly": "Exterior Wall",
      "material_type": "Curtain Wall Double Pane (sf)",
      "amount": 13057.0,
      "unit_multiplier": 1.0,
      "embodied_total": {
        "carbon": 249187.50442586,
        "energy": 3294338.6121679,
        "water": 3003701.3567528,
        "ozone": 0.008666609863999999
      },
      "materials": {
        "carbon": 98454.87196886,
        "energy": 1174465.31617976,
        "water": 774729.1613056599,
        "ozone": 0.008435931845
      },
      "transport": {
        "carbon": 1418.917247,
        "energy": 21849.727426999998,
        "water": 5067.212788,
        "ozone": 0.00022458039999999997
      },
      "construction": {
        "carbon": 149313.71521,
        "energy": 2098023.5683000004,
        "water": 2223904.982398,
        "ozone": 6.097619e-06
      }
    },
    {
      "assembly": "Exterior Wall",
      "material_type": "EIFS on Metal Stud (sf)",
      "amount": 2883.0,
      "unit_multiplier": 1.0,
      "embodied_total": {
        "carbon": 72229.51507692,
        "energy": 1052278.4899239,
        "water": 790668.6215178,
        "ozone": 0.0034753584780000003
      },
      "materials": {
        "carbon": 37172.21997,
        "energy": 556869.6129,
        "water": 292168.986,
        "ozone": 0.0031424699999999996
      },
      "transport": {
        "carbon": 2088.662102505,
        "energy": 32162.95935273,
        "water": 7458.9626765175,
        "ozone": 0.000331542117
      },
      "construction": {
        "carbon": 32968.63299,
        "energy": 463245.91770000005,
        "water": 491040.672762,
        "ozone": 1.3463610000000001e-06
      }
    },
    {
      "assembly": "Floor",
      "material_type": "Concrete (sf)",
      "amount": 29354.0,
      "unit_multiplier": 1.0,
      "embodied_total": {
        "carbon": 348728.044444,
        "energy": 3108645.077096,
        "water": 4409985.553103,
        "ozone": 0.00884534737502
      },
      "materials": {
        "carbon": 215399.652,
        "energy": 1221742.2116952,
        "water": 2535539.812,
        "ozone": 0.00728277524702
      },
      "transport": {
        "carbon": 9821.8484,
        "energy": 151498.00063944,
        "water": 34916.583,
        "ozone": 0.00155752324
      },
      "construction": {
        "carbon": 123506.54404400001,
        "energy": 1735404.86564198,
        "water": 1839529.15751592,
        "ozone": 5.048888e-06
      }
    },
    {
      "assembly": "Floor",
      "material_type": "Wood System (sf)",
      "amount": 10599.0,
      "unit_multiplier": 1.0,
      "embodied_total": {
        "carbon": 84129.414114,
        "energy": 1155350.3427411,
        "water": 895277.0684185199,
        "ozone": 0.0002381033553
      },
      "materials": {
        "carbon": 38050.409999999996,
        "energy": 505885.18248,
        "water": 225758.7,
        "ozone": 0.0
      },
      "transport": {
        "carbon": 1483.8600000000001,
        "energy": 22853.584998,
        "water": 5310.099,
        "ozone": 0.0002352978
      },
      "construction": {
        "carbon": 44595.144114,
        "energy": 626611.57494513,
        "water": 664208.26941852,
        "ozone": 1.823028e-06
      }
    },
    {
      "assembly": "Interior Wall",
      "material_type": "Concrete and Painted Gypsum (sf)",
      "amount": 380.0,
      "unit_multiplier": 1.0,
      "embodied_total": {
        "carbon": 9317.12918,
        "energy": 116765.9516,
        "water": 111910.15352,
        "ozone": 0.00037067746
      },
      "materials": {
        "carbon": 4251.611,
        "energy": 44619.409999999996,
        "water": 44616.18,
        "ozone": 0.00025612000000000003
      },
      "transport": {
        "carbon": 720.01678,
        "energy": 11087.419600000001,
        "water": 2571.3042,
        "ozone": 0.00011438
      },
      "construction": {
        "carbon": 4345.5014,
        "energy": 61059.122,
        "water": 64722.66932,
        "ozone": 1.7746000000000003e-07
      }
    },
    {
      "assembly": "Interior Wall",
      "material_type": "Steel Studs and Painted Gypsum (sf)",
      "amount": 34872.0,
      "unit_multiplier": 1.0,
      "embodied_total": {
        "carbon": 689884.004784,
        "energy": 9938157.836844001,
        "water": 8606752.9985328,
        "ozone": 0.024112837224
      },
      "materials": {
        "carbon": 262245.042096,
        "energy": 3890460.7390823998,
        "water": 2564207.904,
        "ozone": 0.019528320000000002
      },
      "transport": {
        "carbon": 28859.160528,
        "energy": 444396.78040128,
        "water": 103046.76000000001,
        "ozone": 0.004568232
      },
      "construction": {
        "carbon": 398779.80216,
        "energy": 5603300.315268,
        "water": 5939498.3345328,
        "ozone": 1.6285224e-05
      }
    },
    {
      "assembly": "Interior Wall",
      "material_type": "Timber Studs and Painted Gypsum (sf)",
      "amount": 4854.0,
      "unit_multiplier": 1.0,
      "embodied_total": {
        "carbon": 71436.0619515,
        "energy": 1036716.9593478,
        "water": 99766.81044707999,
        "ozone": 0.0020144054571414
      },
      "materials": {
        "carbon": 14600.076921508597,
        "energy": 236318.47465985944,
        "water": 95024.56785592582,
        "ozone": 0.0018013528238658514
      },
      "transport": {
        "carbon": 1327.9232970748583,
        "energy": 20448.46942709526,
        "water": 4742.242571506623,
        "ozone": 0.00021078756327685855
      },
      "construction": {
        "carbon": 55508.061721103644,
        "energy": 779950.015162277,
        "water": 0.0,
        "ozone": 2.265070009861719e-06
      }
    },
    {
      "assembly": "Roof",
      "material_type": "EPDM Membrane (sf)",
      "amount": 588.0,
      "unit_multiplier": 1.0,
      "embodied_total": {
        "carbon": 85.11276480000001,
        "energy": 3936.199008,