{
  "team": "Island",
  "targets": {
    "carbon": 7396873.8437,
    "energy": 155969076.592,
    "water": 271387397.260274,
    "ozone": 0.0
  },
  "metric_summary": {
    "carbon": {
      "target": 7396873.8437,
      "project": 27169.704360140764,
      "percent_of_target": 0.0036731333985480234
    },
    "energy": {
      "target": 155969076.592,
      "project": 330935.01246492163,
      "percent_of_target": 0.0021217988828042852
    },
    "water": {
      "target": 271387397.260274,
      "project": 185996.93550568906,
      "percent_of_target": 0.0006853558322286748
    },
    "ozone": {
      "target": 0.0,
      "project": 0.0018088209747739582,
      "percent_of_target": null
    }
  },
  "breakdown": {
    "embodied_materials": {
      "carbon": 26995.079951874992,
      "energy": 328249.3343410337,
      "water": 185374.35504166663,
      "ozone": 0.0017811183333333333
    },
    "embodied_transport": {
      "carbon": 174.61994232291656,
      "energy": 2685.6153660641235,
      "water": 622.5139407291663,
      "ozone": 2.7702641440624988e-05
    },
    "embodied_construction": {
      "carbon": 0.004465942857304666,
      "energy": 0.06275782380143333,
      "water": 0.06652329326236667,
      "ozone": 0.0
    },
    "use_electricity": {
      "carbon": 0.0,
      "energy": 0.0,
      "water": 0.0,
      "ozone": 0.0
    },
    "use_heating": {
      "carbon": 0.0,
      "energy": 0.0,
      "water": 0.0,
      "ozone": 0.0
    },
    "use_water": {
      "carbon": 0.0,
      "energy": 0.0,
      "water": 0.0,
      "ozone": 0.0
    },
    "embodied": {
      "carbon": 27169.704360140764,
      "energy": 330935.01246492163,
      "water": 185996.93550568906,
      "ozone": 0.0018088209747739582
    },
    "use_phase": {
      "carbon": 0.0,
      "energy": 0.0,
      "water": 0.0,
      "ozone": 0.0
    },
    "life_cycle": {
      "carbon": 27169.704360140764,
      "energy": 330935.01246492163,
      "water": 185996.93550568906,
      "ozone": 0.0018088209747739582
    }
  },
  "construction_items": [
    {
      "assembly": "MEP",
      "material_type": "Air Handling Unit (m^3/s)",
      "amount": 2.8316666666666666,
      "unit_multiplier": 2.0,
      "embodied_total": {
        "carbon": 22859.70117337,
        "energy": 286094.5470237333,
        "water": 172669.09674416666,
        "ozone": 0.0017954465666666665
      },
      "materials": {
        "carbon": 22769.366538333332,
        "energy": 284707.3765,
        "water": 172346.22019999998,
        "ozone": 0.0017811183333333333
      },
      "transport": {
        "carbon": 90.33016666666666,
        "energy": 1387.1077739999998,
        "water": 322.81,
        "ozone": 1.4328233333333333e-05
      },
      "construction": {
        "carbon": 0.004465942857304666,
        "energy": 0.06275782380143333,
        "water": 0.06652329326236667,
        "ozone": 0.0
      }
    },
    {
      "assembly": "MEP",
      "material_type": "Steel Duct 12\"D (ft)",
      "amount": 1772.7926041666635,
      "unit_multiplier": 1.0,
      "embodied_total": {
        "carbon": 2766.7974173229118,
        "energy": 28820.899915710324,
        "water": 8560.815485520818,
        "ozone": 8.633499982291651e-06
      },
      "materials": {
        "carbon": 2712.372684374995,
        "energy": 27982.1768432212,
        "water": 8367.58109166665,
        "ozone": 0.0
      },
      "transport": {
        "carbon": 54.424732947916574,
        "energy": 838.7230724891235,
        "water": 193.2343938541663,
        "ozone": 8.633499982291651e-06
      },
      "construction": {
        "carbon": 0.0,
        "energy": 0.0,
        "water": 0.0,
        "ozone": 0.0
      }
    },
    {
      "assembly": "MEP",
      "material_type": "Steel Duct 18\"D (ft)",
      "amount": 669.6197916666667,
      "unit_multiplier": 1.0,
      "embodied_total": {
        "carbon": 1543.2057718750002,
        "energy": 16019.5655173875,
        "water": 4767.023296875001,
        "ozone": 4.740908125000001e-06
      },
      "materials": {
        "carbon": 1513.3407291666667,
        "energy": 15559.780997812502,
        "water": 4660.553750000001,
        "ozone": 0.0
      },
      "transport": {
        "carbon": 29.865042708333338,
        "energy": 459.78451957500005,
        "water": 106.46954687500002,
        "ozone": 4.740908125000001e-06
      },
      "construction": {
        "carbon": 0.0,
        "energy": 0.0,
        "water": 0.0,
        "ozone": 0.0
      }
    }
  ],
  "lifetime_years": 50
}